"Products","Productos"
"Services","Servicios"
"About Us","Nosotros"
"Updates","Novedades"
"Distributor","Distribuidor"
"Download Catalog","Descargar catálogo"
"Language","Idioma"
"Main navigation","Navegación principal"
"Mobile navigation","Navegación móvil"
"Close","Cerrar"
"Menu","Menú"
"Navigation","Navegación"
"Footer navigation","Navegación del pie de página"
"Request a Quote","Solicitar cotización"
"Contact Us","Contáctanos"
"Operating Hours","Horario de atención"
"Monday to Thursday","Lunes a jueves"
"8 AM to 5 PM MST/MDT","8:00 a 17:00 MST/MDT"
"Friday","Viernes"
"8 AM to 3 PM MST/MDT","8:00 a 15:00 MST/MDT"
"Explore products","Explorar productos"
"Igniting the Future of Fueling with innovative solutions, quality and service.","Impulsamos el futuro del abastecimiento con soluciones innovadoras, calidad y servicio."
"Efficiency, minimize costs: experience the unparalleled potential of Fast Fill Systems!","Eficiencia y menores costos: ¡descubre el potencial incomparable de Fast Fill Systems!"
"Fast Fill Systems delivers fast-fill fueling technology for mining, construction, agriculture, bus fleets, rail, and heavy industrial equipment. Fuel faster, safer, and more efficiently.","Fast Fill Systems ofrece tecnología de abastecimiento rápido para minería, construcción, agricultura, flotas de autobuses, ferrocarriles y equipos industriales pesados. Abastece con mayor rapidez, seguridad y eficiencia."
"View Products","Ver productos"
"Our Services","Nuestros servicios"
"Featured Products","Productos destacados"
"Revolutionize your operations and unlock unparalleled productivity and performance with our industry-leading products.","Transforma tus operaciones y alcanza una productividad y un rendimiento excepcionales con nuestros productos líderes en la industria."
"Couplers","Acoples"
"Fuel Nozzles","Boquillas de combustible"
"Fuel Receivers","Receptores de combustible"
"Fuel Vents","Respiraderos de combustible"
"Pressureless","Sin presurización"
"Our couplers are engineered for quick and efficient fluid transfer, making them indispensable for high demand operations.","Nuestros acoples permiten transferir fluidos de forma rápida y eficiente en operaciones de alta demanda."
"Crafted for durability, long life, superior control, and accuracy in demanding environments.","Diseñadas para ofrecer durabilidad, larga vida útil, control superior y precisión en entornos exigentes."
"Reliable and robust connection points built for safe, efficient fuel transfer.","Puntos de conexión robustos y confiables para una transferencia de combustible segura y eficiente."
"Pioneering vent designs that regulate pressure and help prevent overspilling.","Diseños innovadores que regulan la presión y ayudan a evitar derrames."
"A safer, environmentally friendly alternative with consistent and reliable fuel flow.","Una alternativa más segura y responsable con el medioambiente, con un flujo constante y confiable."
"Built for demanding operations","Diseñado para operaciones exigentes"
"The cost of downtime is staggering! Your fueling can’t be the weak link!","¡El costo del tiempo de inactividad es enorme! Tu sistema de abastecimiento no puede ser el punto débil."
"From construction and mining to logistics, generic fueling systems fail. We provide specialized, rugged fuel and fluid systems that eliminate bottlenecks and reduce operational costs.","Desde la construcción y la minería hasta la logística, los sistemas genéricos no son suficientes. Ofrecemos sistemas especializados y resistentes que eliminan cuellos de botella y reducen costos operativos."
"Boost efficiency","Aumenta la eficiencia"
"Boost efficiency with cutting-edge fueling solutions.","Aumenta la eficiencia con soluciones de abastecimiento de última generación."
"Enhance profitability","Mejora la rentabilidad"
"Enhance profitability through streamlined processes.","Mejora la rentabilidad mediante procesos optimizados."
"Durable products","Productos duraderos"
"Versatile, rugged products tailored for demanding industries.","Productos versátiles y resistentes para industrias exigentes."
"Experience","Experiencia"
"Industry-leading innovation, quality, and support.","Innovación, calidad y soporte líderes en la industria."
"Get a Quote","Solicitar cotización"
"Our Promise","Nuestro compromiso"
"Revolutionizing Fuel Efficiency and Performance","Revolucionamos la eficiencia y el rendimiento del combustible"
"We are at the forefront of innovative fuel technology. Our commitment to excellence and customer satisfaction sets us apart in the fuel system industry.","Estamos a la vanguardia de la tecnología de combustible. Nuestro compromiso con la excelencia y la satisfacción del cliente nos distingue."
"Unmatched Efficiency","Eficiencia incomparable"
"Products designed for optimal fuel efficiency, reducing operational costs and environmental impact.","Productos diseñados para optimizar el combustible y reducir costos operativos e impacto ambiental."
"Tailored Solutions","Soluciones a medida"
"Customized solutions for the unique needs of each industry we serve.","Soluciones personalizadas para las necesidades de cada industria."
"Trusted by Industry Leaders","La confianza de líderes de la industria"
"We Engineer Solutions That Deliver the Outcomes Customers Expect.","Diseñamos soluciones que entregan los resultados que nuestros clientes esperan."
"Fleet Manager","Gerente de flota"
"Operations Director","Director de operaciones"
"Environmental Manager","Gerente ambiental"
"Years of Experience","Años de experiencia"
"Global","Global"
"Distributor Network","Red de distribuidores"
"Proven","Comprobadas"
"Industry Solutions","Soluciones industriales"
"Expert","Experto"
"Technical Support","Soporte técnico"
"Discover the Difference","Descubre la diferencia"
"Become a Distributor Today!","¡Conviértete en distribuidor hoy!"
"Experience top-tier, innovative fueling solutions from FFS.","Accede a soluciones innovadoras de abastecimiento de primer nivel."
"Gain a market edge with high-quality, reliable products.","Obtén una ventaja competitiva con productos confiables y de alta calidad."
"Enjoy comprehensive support and product training.","Recibe soporte integral y capacitación de producto."
"Partner with a company aligned with industry growth.","Asóciate con una empresa comprometida con el crecimiento de la industria."
"Become a Distributor","Convertirse en distribuidor"
"Get in Touch","Contáctanos"
"Drop Us a Line!","¡Escríbenos!"
"Ready to enhance your fueling operations? Contact Fast Fill Systems to discover how our advanced solutions can benefit your business.","¿Listo para mejorar tus operaciones de abastecimiento? Contacta a Fast Fill Systems y descubre cómo nuestras soluciones pueden beneficiar a tu empresa."
"Office","Oficina"
"Email","Correo electrónico"
"Phone Number","Teléfono"
"First Name","Nombre"
"Last Name","Apellido"
"Phone","Teléfono"
"Work Number","Teléfono laboral"
"Work Email","Correo laboral"
"Message","Mensaje"
"How can we help?","¿Cómo podemos ayudarte?"
"Send","Enviar"
"Our Products","Nuestros productos"
"Search products","Buscar productos"
"Search...","Buscar..."
"Product Categories","Categorías de productos"
"Product categories","Categorías de productos"
"products","productos"
"Standard Crankcase","Cárter estándar"
"Parts","Repuestos"
"SureLoc 150","SureLoc 150"
"Pitboss","Pitboss"
"SureLoc 1000","SureLoc 1000"
"Atlas","Atlas"
"Check Valve","Válvula de retención"
"Standard Receiver","Receptor estándar"
"Deep Socket Tool","Llave de vaso profundo"
"Filtered Fuel Vent","Respiradero de combustible filtrado"
"Pressureless Filter Vents","Respiraderos filtrados sin presurización"
"Standard Fuel Vent","Respiradero de combustible estándar"
"High Flow Pressureless","Alto flujo sin presurización"
"Small Tank Pressureless","Tanque pequeño sin presurización"
"Select a quantity to add this product to your quote request.","Selecciona una cantidad para agregar este producto a tu solicitud de cotización."
"Quantity","Cantidad"
"ADD TO QUOTE","AGREGAR A COTIZACIÓN"
"UNAVAILABLE","NO DISPONIBLE"
"ADDING…","AGREGANDO…"
"Your quote is empty","Tu cotización está vacía"
"Add products to prepare your request.","Agrega productos para preparar tu solicitud."
"VIEW PRODUCTS","VER PRODUCTOS"
"KEEP BROWSING","SEGUIR EXPLORANDO"
"My Quote","Mi cotización"
"Shopping cart","Solicitar cotización"
"selected products","productos seleccionados"
"My Quote List","Mi lista de cotización"
"Remove from list","Quitar de la lista"
"REVIEW QUOTE REQUEST","REVISAR SOLICITUD"
"No equipment selected yet","Aún no has seleccionado equipos"
"BROWSE EQUIPMENT","EXPLORAR EQUIPOS"
"Your quote list is empty","Tu lista de cotización está vacía"
"Select the equipment you want our team to review.","Selecciona los equipos que deseas que revise nuestro equipo."
"Product Inquiry","Consulta de producto"
"Build your quote","Prepara tu cotización"
"ADD TO QUOTE LIST","AÑADIR A LA COTIZACIÓN"
"Selected Equipment","Equipos seleccionados"
"Required quantity","Cantidad requerida"
"Add more equipment","Añadir más equipos"
"Remove","Eliminar"
"VIEW MY QUOTE","VER MI COTIZACIÓN"
"We could not send your request.","No pudimos enviar tu solicitud."
"We could not connect to the server.","No pudimos conectarnos con el servidor."
"Request received","Solicitud recibida"
"Thank you for contacting us","Gracias por contactarnos"
"Your reference is","Tu número de referencia es"
"Quote Request Form","Formulario de solicitud de cotización"
"Full Name","Nombre completo"
"Company","Empresa"
"Industry","Industria"
"Mining","Minería"
"Construction","Construcción"
"Agriculture","Agricultura"
"Rail","Ferrocarril"
"Fleet","Flota"
"Heavy Equipment","Equipo pesado"
"Other","Otro"
"SENDING…","ENVIANDO…"
"SEND QUOTE REQUEST","ENVIAR SOLICITUD"
"Quote Summary","Resumen de cotización"
"Decrease quantity","Disminuir cantidad"
"Increase quantity","Aumentar cantidad"
"Continue adding products","Seguir agregando productos"
"Telephone","Teléfono"
"Address 2","Dirección 2"
"City","Ciudad"
"Country","País"
"Province","Provincia o región"
"Postcode","Código postal"
"Pricing","Precio"
"Ask for a quote","Solicitar cotización"
"Technical information","Información técnica"
"Select a quantity and add this product to My Quote. Our team will confirm the correct configuration and pricing.","Selecciona una cantidad y agrega este producto a Mi cotización. Nuestro equipo confirmará la configuración y el precio correctos."
"Product resources","Recursos del producto"
"Technical Information","Información técnica"
"Everything you need to specify, install, and support this product.","Todo lo necesario para especificar, instalar y utilizar este producto."
"Marketing Sheets","Fichas de marketing"
"Spec Sheets","Fichas técnicas"
"Fast Fill Systems Catalog","Catálogo de Fast Fill Systems"
"Download File","Descargar archivo"
"Let’s Talk","Hablemos"
"Follow the latest trends","Sigue las últimas tendencias"
"With our daily newsletter","Con nuestro boletín diario"
"Submit","Enviar"
"Contact","Contacto"
"Contact Fast Fill Systems to learn how our advanced fueling solutions can support your operation. We’re here to answer questions and help fuel your success.","Contacta a Fast Fill Systems para cotizar, repetir un pedido o resolver tus dudas. Estamos aquí para ayudarte."
"Drop Us a Line","Escríbenos"
"Ready to enhance your fueling operations? Reach out for inquiries, quotes, or to learn more about what Fast Fill Systems can do for you.","Escríbenos para consultar, cotizar o repetir un pedido de Fast Fill Systems."
"Contact Information","Información de contacto"
"Mon–Thu: 8 AM–5 PM · Fri: 8 AM–3 PM (MST/MDT)","Lun–Jue: 8:00–17:00 · Vie: 8:00–15:00 (MST/MDT)"
"Message Received","Mensaje recibido"
"Thank You","Gracias"
"Our team will contact you soon. Your reference is","Nuestro equipo te contactará pronto. Tu referencia es"
"We could not send your message.","No pudimos enviar tu mensaje."
"Tell us the part number, quantity, or previous order you want to repeat.","Indica el número de parte, la cantidad o el pedido anterior que quieres repetir."
